product_id,variation_id,name,url,weight,depth,width,height,meta_title,meta_description,meta_keywords,tags,description,short_description,ncm,images,price,price_compare,model,gender,age_group,warranty,active,brand,category_1,category_2,category_3,reference,gtin,mpn,stock,color,variation,variation_price,sku
,,Lápis de Cor 12 cores Hello Kitty Leo e Leo.,,,,,,,,,,,,,,16.50,,,,,,,,,,,,,,6,,,,
,,Estojo Sonic  Tecido,,,,,,,,,,,,,,75.00,,,,,,,,,,,,,,2,,,,
,,Pratos Hello Kitty.,,,,,,,,,,,,,,30.00,,,,,,,,,,,,,,4,,,,
,,Borracha Retratil Sonic.,,,,,,,,,,,,,,20.00,,,,,,,,,,,,,,6,,,,
,,Estojo de tecido Leo e Leo.,,,,,,,,,,,,,,25.00,,,,,,,,,,,,,,8,,,,
,,Mochila Personagem.,,,,,,,,,,,,,,160.00,,,,,,,,,,,,,,11,,,,
,,Mini Fichario Sanrio.,,,,,,,,,,,,,,96,,,,,,,,,,,,,,8,,,,
,,Lápis Infinito  Sanrio.,,,,,,,,,,,,,,17.00,,,,,,,,,,,,,,11,,,,
,,Caneta 10 Cores Sanrio.,,,,,,,,,,,,,,20.00,,,,,,,,,,,,,,12,,,,
,,Perfurador de Papel.,,,,,,,,,,,,,,25,,,,,,,,,,,,,,3,,,,
,,Kit Borrachas Fast Food.,,,,,,,,,,,,,,25,,,,,,,,,,,,,,4,,,,
,,Borracha Big Fast Food.   ?,,,,,,,,,,,,,,,,,,,,,,,,,,,,2,,,,
,,Bolsinhade Silicone.,,,,,,,,,,,,,,60,,,,,,,,,,,,,,,,,,
,,Bolsinha Lotso.,,,,,,,,,,,,,,60,,,,,,,,,,,,,,3,,,,
,,Cx Som Lotso Peq,,,,,,,,,,,,,,,,,,,,,,,,,,,,2,,,,
,,Cx Som Lptso Média,,,,,,,,,,,,,,,,,,,,,,,,,,,,2,,,,
,,Garrafa Azul Gato.,,,,,,,,,,,,,,52,,,,,,,,,,,,,,3,,,,
,,Garrafa Termica Dino.,,,,,,,,,,,,,,85.00,,,,,,,,,,,,,,2,,,,
,,Garrafa Termica Gato.,,,,,,,,,,,,,,85.00,,,,,,,,,,,,,,2,,,,
,,Bloco Adesivo Pata,,,,,,,,,,,,,,8.50,,,,,,,,,,,,,,9,,,,
,,Bloco Adesivo Neon.,,,,,,,,,,,,,,26.00,,,,,,,,,,,,,,2,,,,
,,Bloco Adesivo Neon c 4,,,,,,,,,,,,,,14.90,,,,,,,,,,,,,,1,,,,
,,Bloco Anotações 160F.,,,,,,,,,,,,,,12.00,,,,,,,,,,,,,,9,,,,
,,Aquarela 12 Cores c Pincel.,,,,,,,,,,,,,,22.00,,,,,,,,,,,,,,3,,,,
,,kit Canetas Mentos.,,,,,,,,,,,,,,28,,,,,,,,,,,,,,10,,,,
,,Cartela Marca Texto Mentos,,,,,,,,,,,,,,34.50,,,,,,,,,,,,,,4,,,,
,,kit Massa Princesa.,,,,,,,,,,,,,,38,,,,,,,,,,,,,,5,,,,
,,Calculadora coração Letron 8 digits,,,,,,,,,,,,,,,,,,,,,,,,,,,,4,,,,
,,mouse pad.,,,,,,,,,,,,,,20.00,,,,,,,,,,,,,,5,,,,
,,Fichario Mickey.,,,,,,,,,,,,,,119.00,,,,,,,,,,,,,,2,,,,
,,kit Lápis Espaço Espaço.,,,,,,,,,,,,,,24.00,,,,,,,,,,,,,,5,,,,
,,kit Lápis Donuts.,,,,,,,,,,,,,,24.00,,,,,,,,,,,,,,5,,,,
,,Kit Lapis Brink.,,,,,,,,,,,,,,24.00,,,,,,,,,,,,,,3,,,,
,,Bloco Colorir Hello Kitty,,,,,,,,,,,,,,25.00,,,,,,,,,,,,,,4,,,,
,,Planner Hello.,,,,,,,,,,,,,,35.00,,,,,,,,,,,,,,6,,,,
,,Agenda Hello.,,,,,,,,,,,,,,40.00,,,,,,,,,,,,,,3,,,,
,,Mini Fich. Hello Kitty.,,,,,,,,,,,,,,76.00,,,,,,,,,,,,,,2,,,,
,,Mino Fich. Bolinhas.,,,,,,,,,,,,,,63.00,,,,,,,,,,,,,,2,,,,
,,Maletas Massa Hello Kitty.,,,,,,,,,,,,,,84.00,,,,,,,,,,,,,,2,,,,
,,kit Marcador H.Potter.,,,,,,,,,,,,,,70.00,,,,,,,,,,,,,,1,,,,
,,Livros de Colorir Olhinhos.,,,,,,,,,,,,,,24.00,,,,,,,,,,,,,,5,,,,
,,Livros de Colorir Avangers.,,,,,,,,,,,,,,12.00,,,,,,,,,,,,,,4,,,,
,,Livros de Colorir Dinossa.,,,,,,,,,,,,,,45.00,,,,,,,,,,,,,,2,,,,
,,Livros de Colorir Stitch.,,,,,,,,,,,,,,48.00,,,,,,,,,,,,,,4,,,,
,,Livros de Colorir Princesas.,,,,,,,,,,,,,,20.00,,,,,,,,,,,,,,5,,,,
,,Livros de Colorir Dino.,,,,,,,,,,,,,,20.00,,,,,,,,,,,,,,5,,,,
,,Livros de Colorir Fazenda.,,,,,,,,,,,,,,20.00,,,,,,,,,,,,,,5,,,,
,,Livros de Colorir Cozy Time,,,,,,,,,,,,,,35.00,,,,,,,,,,,,,,7,,,,
,,Livros de Colorir Comfy Days.,,,,,,,,,,,,,,35.00,,,,,,,,,,,,,,4,,,,
,,Grafite 0.7 Tom e Jerry.,,,,,,,,,,,,,,17.00,,,,,,,,,,,,,,9,,,,
,,Cadernos Hello Kitty Colegial 80F,,,,,,,,,,,,,,52.00,,,,,,,,,,,,,,8,,,,
,,Clips diversos temas,,,,,,,,,,,,,,9.00,,,,,,,,,,,,,,20,,,,
,,Lapis de Cor Stitch.,,,,,,,,,,,,,,48.00,,,,,,,,,,,,,,6,,,,
,,Caneta Stitch 4 Cores.,,,,,,,,,,,,,,16.00,,,,,,,,,,,,,,4,,,,
,,Caneta Stitch Esfer. Preta c Marcador,,,,,,,,,,,,,,13.00,,,,,,,,,,,,,,4,,,,
,,Caneta Stitch Colorida.,,,,,,,,,,,,,,15.00,,,,,,,,,,,,,,9,,,,
,,Caneta Stitch 4 cores,,,,,,,,,,,,,,78,,,,,,,,,,,,,,12,,,,
,,Caderno Imã Sanrio,,,,,,,,,,,,,,77.00,,,,,,,,,,,,,,7,,,,
,,Pastas A4 Stitch.,,,,,,,,,,,,,,25.00,,,,,,,,,,,,,,12,,,,
,,Chaveiros Stitch.,,,,,,,,,,,,,,22.00,,,,,,,,,,,,,,10,,,,
,,Garrafa Stitch.,,,,,,,,,,,,,,44.00,,,,,,,,,,,,,,5,,,,
,,Pastas Elastico.,,,,,,,,,,,,,,9.00,,,,,,,,,,,,,,8,,,,
,,Caneta Colorir Dual Touch 12 Cores,,,,,,,,,,,,,,75.00,,,,,,,,,,,,,,17,,,,
,,Caneta Colorir Dual Touch 24 Cores.,,,,,,,,,,,,,,90.00,,,,,,,,,,,,,,19,,,,
,,Caneta Colorir Dual Touch 48 Cores.,,,,,,,,,,,,,,150.00,,,,,,,,,,,,,,2,,,,
,,Caneta Colorir Dual Touch 36 Cores.,,,,,,,,,,,,,,130.00,,,,,,,,,,,,,,8,,,,
,,Caneta Colorir Dual Touch 60 Cores,,,,,,,,,,,,,,210,,,,,,,,,,,,,,1,,,,
,,Caneta Colorir Dual Touch 100 Cores,,,,,,,,,,,,,,280,,,,,,,,,,,,,,1,,,,
,,Caneta Colorir Dual Touch 120 Cores,,,,,,,,,,,,,,320,,,,,,,,,,,,,,2,,,,
,,Caneta Dual Brush 48 Cores,,,,,,,,,,,,,,150.00,,,,,,,,,,,,,,3,,,,
,,Caneta Dual Brush 80 Cores,,,,,,,,,,,,,,270,,,,,,,,,,,,,,3,,,,
,,Canetas Sorvete.,,,,,,,,,,,,,,10.00,,,,,,,,,,,,,,12,,,,
,,kit Gramp. Hello Kitty Rosa,,,,,,,,,,,,,,30.00,,,,,,,,,,,,,,9,,,,
,,kit Gramp. Hello Kitty Verm,,,,,,,,,,,,,,30.00,,,,,,,,,,,,,,2,,,,
,,kit Gramp. Lotso.,,,,,,,,,,,,,,30.00,,,,,,,,,,,,,,4,,,,
,,Borrachas Câmera Kuromi,,,,,,,,,,,,,,45.00,,,,,,,,,,,,,,2,,,,
,,Borracha Camera Lotso.,,,,,,,,,,,,,,45.00,,,,,,,,,,,,,,2,,,,
,,Apontador Simples Lotso.,,,,,,,,,,,,,,17.50,,,,,,,,,,,,,,9,,,,
,,Apontador c Deposito lotso,,,,,,,,,,,,,,24.00,,,,,,,,,,,,,,10,,,,
,,Marca Texto Lotso.,,,,,,,,,,,,,,6.00,,,,,,,,,,,,,,24,,,,
,,Caneta 10 Cores Lotso.,,,,,,,,,,,,,,20.00,,,,,,,,,,,,,,12,,,,
,,Caneta Gel Apagavel Preta Lotso.,,,,,,,,,,,,,,13.00,,,,,,,,,,,,,,11,,,,
,,Caneta 12 Cores Barbie.,,,,,,,,,,,,,,20.00,,,,,,,,,,,,,,6,,,,
,,Diario Magico Harry Potter.,,,,,,,,,,,,,,70.00,,,,,,,,,,,,,,5,,,,
,,Caneta Pena Harry Potter.,,,,,,,,,,,,,,25.00,,,,,,,,,,,,,,12,,,,
,,Planner Herry Potter.,,,,,,,,,,,,,,35.00,,,,,,,,,,,,,,3,,,,
,,Caneta Capivara Gel 0.5.,,,,,,,,,,,,,,10.00,,,,,,,,,,,,,,24,,,,
,,Caneta CapivaraEsferog.Preta c Marcador,,,,,,,,,,,,,,13.00,,,,,,,,,,,,,,3,,,,
,,Estilete Capivara.,,,,,,,,,,,,,,15.00,,,,,,,,,,,,,,9,,,,
,,Clips Capivara.,,,,,,,,,,,,,,12.00,,,,,,,,,,,,,,5,,,,
,,Chaveiro Capivara Mora,,,,,,,,,,,,,,,,,,,,,,,,,,,,1,,,,
,,Chaveiro Capivara Abacate,,,,,,,,,,,,,,,,,,,,,,,,,,,,1,,,,
,,Chaveiro Capivara Rosa,,,,,,,,,,,,,,,,,,,,,,,,,,,,2,,,,
,,Apontador Capivara.,,,,,,,,,,,,,,20.00,,,,,,,,,,,,,,8,,,,
,,Marca Texto Capivara.,,,,,,,,,,,,,,10.00,,,,,,,,,,,,,,18,,,,
,,Marca Texto Mario.,,,,,,,,,,,,,,10.00,,,,,,,,,,,,,,18,,,,
,,Marca Texto Bob Esponja.,,,,,,,,,,,,,,10.00,,,,,,,,,,,,,,18,,,,
,,Marca Texto Extintor.,,,,,,,,,,,,,,10.00,,,,,,,,,,,,,,18,,,,
,,Marca Texto Sanrio.,,,,,,,,,,,,,,10.00,,,,,,,,,,,,,,18,,,,
,,Réguas Capivara.,,,,,,,,,,,,,,19.50,,,,,,,,,,,,,,12,,,,
,,Apontador Pata.,,,,,,,,,,,,,,12.00,,,,,,,,,,,,,,6,,,,
,,Apontador Borracha Pata Rosa,,,,,,,,,,,,,,20.00,,,,,,,,,,,,,,6,,,,
,,Apontador Borracha Pata Branco,,,,,,,,,,,,,,20.00,,,,,,,,,,,,,,4,,,,
,,Canetas 3 Cores Divert.,,,,,,,,,,,,,,18.00,,,,,,,,,,,,,,12,,,,
,,Lapis de Cor 12 Cores Sonic.,,,,,,,,,,,,,,22.00,,,,,,,,,,,,,,5,,,,
,,Caneta Gel Capivara 0.5  Metaliza,,,,,,,,,,,,,,18.00,,,,,,,,,,,,,,6,,,,
,,Caneta Capivara Gel 0.5 Azul c Espelho,,,,,,,,,,,,,,18.00,,,,,,,,,,,,,,9,,,,
,,Caneta Gel Capivara c Metal.,,,,,,,,,,,,,,18.00,,,,,,,,,,,,,,5,,,,
,,Estojos Capivara Simples.,,,,,,,,,,,,,,35.00,,,,,,,,,,,,,,6,,,,
,,Estojo Tecido Capivara duplo,,,,,,,,,,,,,,85.00,,,,,,,,,,,,,,3,,,,
,,Estojo Capivara Grande.,,,,,,,,,,,,,,60.00,,,,,,,,,,,,,,6,,,,
,,Estojo Capivara Rosa.,,,,,,,,,,,,,,25.00,,,,,,,,,,,,,,2,,,,
,,Borracha Capivara.,,,,,,,,,,,,,,20.00,,,,,,,,,,,,,,5,,,,
,,Caderno Capivara.,,,,,,,,,,,,,,85.00,,,,,,,,,,,,,,4,,,,
,,Lapis Infinito.,,,,,,,,,,,,,,10.00,,,,,,,,,,,,,,8,,,,
,,Grafite Troca Ponta Pata.,,,,,,,,,,,,,,8.00,,,,,,,,,,,,,,12,,,,
,,Diario Divertidamente.,,,,,,,,,,,,,,85.00,,,,,,,,,,,,,,3,,,,
,,Calculadora 8 Digitos Pastel.,,,,,,,,,,,,,,70.00,,,,,,,,,,,,,,2,,,,
,,Calculadora 8 Dig Hello Kitty.,,,,,,,,,,,,,,35.00,,,,,,,,,,,,,,3,,,,
,,Calculadora 8 Dig Hello Acri.,,,,,,,,,,,,,,63.00,,,,,,,,,,,,,,3,,,,
,,Calculadora 8 Dig Stitch Acri,,,,,,,,,,,,,,63.00,,,,,,,,,,,,,,2,,,,
,,Borracha Sandalia Stitch.,,,,,,,,,,,,,,35.00,,,,,,,,,,,,,,3,,,,
,,Cola Bastão Pata.,,,,,,,,,,,,,,20.00,,,,,,,,,,,,,,5,,,,
,,Lapis de 12 Cores Leo e Leo.,,,,,,,,,,,,,,12.00,,,,,,,,,,,,,,5,,,,
,,Lapis de 06 Cores Leo e Leo.,,,,,,,,,,,,,,8.50,,,,,,,,,,,,,,6,,,,
,,Massa Modelar Leo e Leo.,,,,,,,,,,,,,,11.00,,,,,,,,,,,,,,3,,,,
,,Giz de Cera 6 Cores Big Leo e Leo,,,,,,,,,,,,,,9.00,,,,,,,,,,,,,,3,,,,
,,Carga 0.7 mm Leo e Leo.,,,,,,,,,,,,,,4.00,,,,,,,,,,,,,,24,,,,
,,Giz de Cera Fino.,,,,,,,,,,,,,,8.00,,,,,,,,,,,,,,4,,,,
,,Apontador C Deposito.,,,,,,,,,,,,,,6.00,,,,,,,,,,,,,,24,,,,
,,Apontador Simples.,,,,,,,,,,,,,,4.00,,,,,,,,,,,,,,24,,,,
,,Planner H. Potter.,,,,,,,,,,,,,,34.00,,,,,,,,,,,,,,3,,,,
,,Pincel Compactor 6 Cores Pastel,,,,,,,,,,,,,,,,,,,,,,,,,,,,3,,,,
,,Pincel Neo Pen c 12 Cores Fino Compactor ,,,,,,,,,,,,,,,,,,,,,,,,,,,,,,,,
,,Lapiseira 2.00mm.,,,,,,,,,,,,,,20.00,,,,,,,,,,,,,,2,,,,
,,Corretivo.,,,,,,,,,,,,,,10.00,,,,,,,,,,,,,,4,,,,
,,Folhas Cartolina.,,,,,,,,,,,,,,3.50,,,,,,,,,,,,,,100,,,,
,,Bloco Adesivo Hello Kitty.,,,,,,,,,,,,,,7.00,,,,,,,,,,,,,,48,,,,
,,Bloco Adesivo Hello Kitty c 4 modelos,,,,,,,,,,,,,,20.00,,,,,,,,,,,,,,6,,,,
,,Estojo Tubo Sonic.,,,,,,,,,,,,,,23.00,,,,,,,,,,,,,,5,,,,
,,Estojo Tubo Hello Kitty,,,,,,,,,,,,,,23.00,,,,,,,,,,,,,,3,,,,
,,Estojo Retrô My Melody.,,,,,,,,,,,,,,75.00,,,,,,,,,,,,,,2,,,,
,,Estojo Retrô Kuromi.,,,,,,,,,,,,,,75.00,,,,,,,,,,,,,,2,,,,
,,Estojo Retrô Cinnamorol.,,,,,,,,,,,,,,75.00,,,,,,,,,,,,,,2,,,,
,,Mini Mochila Cinnamorol.,,,,,,,,,,,,,,60.00,,,,,,,,,,,,,,4,,,,
,,Borracha Mini Hello Kitty.,,,,,,,,,,,,,,8.00,,,,,,,,,,,,,,20,,,,
,,Pote Sonic.,,,,,,,,,,,,,,25.00,,,,,,,,,,,,,,3,,,,
,,Lapis HB Leo e Leo.,,,,,,,,,,,,,,3.00,,,,,,,,,,,,,,72,,,,
,,Borracha Pastel Leo e Leo.,,,,,,,,,,,,,,4.50,,,,,,,,,,,,,,24,,,,
,,Lapiseira Recarregavel.,,,,,,,,,,,,,,8.50,,,,,,,,,,,,,,24,,,,
,,Cola Bastão Leo e Leo.,,,,,,,,,,,,,,7.00,,,,,,,,,,,,,,12,,,,
,,Potes Organiz. Sonic.,,,,,,,,,,,,,,22.00,,,,,,,,,,,,,,3,,,,
,,Caneta Wave Colorida 1.0.,,,,,,,,,,,,,,8.40,,,,,,,,,,,,,,24,,,,
,,Apont. Casa Hello Kitty.,,,,,,,,,,,,,,20.00,,,,,,,,,,,,,,4,,,,
,,Lapis Fini Borracha.,,,,,,,,,,,,,,10.00,,,,,,,,,,,,,,30,,,,
,,Marca Texto Fini.,,,,,,,,,,,,,,34.50,,,,,,,,,,,,,,1,,,,
,,Marca Texto Fini c Chaveiro,,,,,,,,,,,,,,16.00,,,,,,,,,,,,,,8,,,,
,,Kit Borracha Fini,,,,,,,,,,,,,,,,,,,,,,,,,,,,12,,,,
,,Papel Almaço,,,,,,,,,,,,,,0.50,,,,,,,,,,,,,,200F,,,,
,,Potes Hello Kitty.,,,,,,,,,,,,,,25.00,,,,,,,,,,,,,,5,,,,
,,Chaveiro Metal.,,,,,,,,,,,,,,28.00,,,,,,,,,,,,,,5,,,,
,,Lanterna Espaço.,,,,,,,,,,,,,,70.00,,,,,,,,,,,,,,2,,,,
,,Kit Costura.,,,,,,,,,,,,,,35.00,,,,,,,,,,,,,,6,,,,
,,Lip Balm.,,,,,,,,,,,,,,48.00,,,,,,,,,,,,,,2,,,,
,,Apontadores.,,,,,,,,,,,,,,18.75,,,,,,,,,,,,,,2,,,,
,,Apoio Telefone Mickey,,,,,,,,,,,,,,30.00,,,,,,,,,,,,,,4,,,,
,,Suporte carro Mickey.,,,,,,,,,,,,,,87.00,,,,,,,,,,,,,,3,,,,
,,Grafite Troca Ponta Bolinha.,,,,,,,,,,,,,,7.00,,,,,,,,,,,,,,11,,,,
,,kit Esponja.,,,,,,,,,,,,,,75.00,,,,,,,,,,,,,,2,,,,
,,Cadernos Note Hello Kitty.,,,,,,,,,,,,,,44.00,,,,,,,,,,,,,,8,,,,
,,Cola Bastão My Melody.,,,,,,,,,,,,,,20.00,,,,,,,,,,,,,,3,,,,
,,Cola Bastão Hello Kitty.,,,,,,,,,,,,,,20.00,,,,,,,,,,,,,,5,,,,
,,Cola Bastão kuromi.,,,,,,,,,,,,,,20.00,,,,,,,,,,,,,,3,,,,
,,Cola Bastão Food.,,,,,,,,,,,,,,20.00,,,,,,,,,,,,,,7,,,,
,,Calculadora 8 Digitos Acrilica.,,,,,,,,,,,,,,50.00,,,,,,,,,,,,,,3,,,,
,,Caderno Intelig Divertidamente.,,,,,,,,,,,,,,84.00,,,,,,,,,,,,,,9,,,,
,,Caneta Luxo Kuromi.,,,,,,,,,,,,,,20.00,,,,,,,,,,,,,,6,,,,
,,Caneta Luxo Clicker Sanrio.,,,,,,,,,,,,,,20.00,,,,,,,,,,,,,,6,,,,
,,Caneta Esf Clicker Apaga Sanrio.,,,,,,,,,,,,,,18.00,,,,,,,,,,,,,,5,,,,
,,Caneta Esfer Clicker Apaga Des Sanrio,,,,,,,,,,,,,,18.00,,,,,,,,,,,,,,6,,,,
,,Caneta Esfer Clicker My Melody.,,,,,,,,,,,,,,18.00,,,,,,,,,,,,,,3,,,,
,,Caneta Esfer Clicker Metal Hello Kitty ,,,,,,,,,,,,,,18,,,,,,,,,,,,,,,,,,
,,Caneta 3 Cores  Divertidamente,,,,,,,,,,,,,,18.00,,,,,,,,,,,,,,8,,,,
,,Caneta com Led Divertidamente,,,,,,,,,,,,,,18.00,,,,,,,,,,,,,,9,,,,
,,Caneta Gel Divertidamente.,,,,,,,,,,,,,,10.00,,,,,,,,,,,,,,12,,,,
,,Caneta Gel Divert. Personag.,,,,,,,,,,,,,,13.00,,,,,,,,,,,,,,35,,,,
,,Caneta Sorvete Divertidamente,,,,,,,,,,,,,,20.00,,,,,,,,,,,,,,23,,,,
,,Caneta Divertidamente 8 Cores,,,,,,,,,,,,,,20.00,,,,,,,,,,,,,,13,,,,
,,Chaveiro Divertidamente.,,,,,,,,,,,,,,22.00,,,,,,,,,,,,,,12,,,,
,, Caneta Bola Colorida.,,,,,,,,,,,,,,9.00,,,,,,,,,,,,,,12,,,,
,,Mini Bloco Capivara.,,,,,,,,,,,,,,10.00,,,,,,,,,,,,,,8,,,,
,,Mini Bloco Sanrio.,,,,,,,,,,,,,,10.00,,,,,,,,,,,,,,8,,,,
,, Grampeador Espaço.,,,,,,,,,,,,,,20.00,,,,,,,,,,,,,,3,,,,
,,Rolo Pintura.,,,,,,,,,,,,,,35.00,,,,,,,,,,,,,,8,,,,
,, Caderno Pintura Kuro,,,,,,,,,,,,,,60.00,,,,,,,,,,,,,,4,,,,
,,Whastape.,,,,,,,,,,,,,,5.00,,,,,,,,,,,,,,16,,,,
,,Marca Texto Glitter.,,,,,,,,,,,,,,45.00,,,,,,,,,,,,,,2,,,,
,,Canetas Cherry Hello Kitty,,,,,,,,,,,,,,20.00,,,,,,,,,,,,,,10,,,,
,,Caneta H. Aranha 6 Cores.,,,,,,,,,,,,,,17.50,,,,,,,,,,,,,,6,,,,
,,Apontador H. Aranha,,,,,,,,,,,,,,,,,,,,,,,,,,,,2,,,,
,,Caneta 10 Cores Hello Kitty.,,,,,,,,,,,,,,18.00,,,,,,,,,,,,,,12,,,,
,,Borracha Hello.,,,,,,,,,,,,,,14.00,,,,,,,,,,,,,,6,,,,
,,Borracha Boneca.,,,,,,,,,,,,,,14.00,,,,,,,,,,,,,,4,,,,
,,Estojo Silicone Sanrio.,,,,,,,,,,,,,,70.00,,,,,,,,,,,,,,4,,,,
,,Tesoura cor Pastel.,,,,,,,,,,,,,,10.00,,,,,,,,,,,,,,9,,,,
,,Tesoura Grande.,,,,,,,,,,,,,,40.00,,,,,,,,,,,,,,2,,,,
,,Tesoura Hello Kitty.,,,,,,,,,,,,,,21.00,,,,,,,,,,,,,,4,,,,
,,Caneta Apagavel Colorida Azul,,,,,,,,,,,,,,12.00,,,,,,,,,,,,,,11,,,,
,,Agenda Hello Kitty.,,,,,,,,,,,,,,40.00,,,,,,,,,,,,,,3,,,,
,,Borracha Lotso.,,,,,,,,,,,,,,17.00,,,,,,,,,,,,,,6,,,,
,,kit Borracha Quadrada Donuts,,,,,,,,,,,,,,25.00,,,,,,,,,,,,,,3,,,,
,,Kit Borracha Quadrada Princesa,,,,,,,,,,,,,,25.00,,,,,,,,,,,,,,3,,,,
,,Kit Borracha Cabeça Lotso.,,,,,,,,,,,,,,35.00,,,,,,,,,,,,,,10,,,,
,,kit Borracha Cabeça Stitch.,,,,,,,,,,,,,,35.00,,,,,,,,,,,,,,4,,,,
,,Kit Borracha Cabeça Sanrio.,,,,,,,,,,,,,,35.00,,,,,,,,,,,,,,3,,,,
,,Estilete Pata.,,,,,,,,,,,,,,15.00,,,,,,,,,,,,,,5,,,,
,,Agenda Unic. 2025.,,,,,,,,,,,,,,70.00,,,,,,,,,,,,,,1,,,,
,,Agenda Cute Cat.,,,,,,,,,,,,,,70.00,,,,,,,,,,,,,,1,,,,
,,Agenda Pata de Gato.,,,,,,,,,,,,,,70.00,,,,,,,,,,,,,,1,,,,
,,Borracha Pata.,,,,,,,,,,,,,,12.00,,,,,,,,,,,,,,5,,,,
,,Réguas Boneca e Gato.,,,,,,,,,,,,,,15.00,,,,,,,,,,,,,,3,,,,
,,Borracha Capivara.,,,,,,,,,,,,,,5.00,,,,,,,,,,,,,,5,,,,
,,Caneta em Gel Bolinha Color.,,,,,,,,,,,,,,9.00,,,,,,,,,,,,,,11,,,,
,,Caderno Inteligente.,,,,,,,,,,,,,,84.00,,,,,,,,,,,,,,9,,,,
,,Mini Bloco Sanrio c Espiral.,,,,,,,,,,,,,,25.00,,,,,,,,,,,,,,7,,,,
,,Caneta Colorir 12 Cores.,,,,,,,,,,,,,,20.00,,,,,,,,,,,,,,12,,,,
,,Caneta Super Heroi.,,,,,,,,,,,,,,18.00,,,,,,,,,,,,,,3,,,,
,,Caneta Luxo Dino.,,,,,,,,,,,,,,20.00,,,,,,,,,,,,,,8,,,,
,,Caneta Dino Led.,,,,,,,,,,,,,,18.00,,,,,,,,,,,,,,12,,,,
,,Estojo Box Retrô Espaço Azul,,,,,,,,,,,,,,70.00,,,,,,,,,,,,,,3,,,,
,,Estojo Box Retrô Espaço Rosa,,,,,,,,,,,,,,70.00,,,,,,,,,,,,,,1,,,,
,,Cola Branca líquida Max Cola 40g,,,,,,,,,,,,,,6.00,,,,,,,,,,,,,,4,,,,
,,Cola Bastao Leo e Leo,,,,,,,,,,,,,,,,,,,,,,,,,,,,12,,,,
,,Cadernos Felpufos.,,,,,,,,,,,,,,70.00,,,,,,,,,,,,,,5,,,,
,,Mini Mochila Stitch.,,,,,,,,,,,,,,75.00,,,,,,,,,,,,,,4,,,,
,,Caneta Pena Stitch,,,,,,,,,,,,,,24.00,,,,,,,,,,,,,,13,,,,
,,Caneta Stitch Preta Varias C.,,,,,,,,,,,,,,18.00,,,,,,,,,,,,,,5,,,,
,,Caneta Stitch Gel 0.5 Fininha.,,,,,,,,,,,,,,13.00,,,,,,,,,,,,,,12,,,,
,,Caneta Stitch Gel 0.5 Metaliza.,,,,,,,,,,,,,,18.00,,,,,,,,,,,,,,6,,,,
,,Guache c 6 Cores 15 ml Dac.,,,,,,,,,,,,,,13.00,,,,,,,,,,,,,,3,,,,
,,Estojo c divisor Leo e Leo.,,,,,,,,,,,,,,25.00,,,,,,,,,,,,,,8,,,,
,,Copo c Gancho 350 ml Hello Kitty,,,,,,,,,,,,,,22.00,,,,,,,,,,,,,,3,,,,
,,Impressoras Portable Mini Printer,,,,,,,,,,,,,,210.00,,,,,,,,,,,,,,5,,,,
,,Impressora Portable Mini Dino.,,,,,,,,,,,,,,210.00,,,,,,,,,,,,,,2,,,,
,,Prancheta.,,,,,,,,,,,,,,35.00,,,,,,,,,,,,,,4,,,,
,,Prancheta Capivara.,,,,,,,,,,,,,,50.00,,,,,,,,,,,,,,6,,,,
,,Cola Branca Liq 40g Maxi Cola.,,,,,,,,,,,,,,6.00,,,,,,,,,,,,,,4,,,,
,,Apontador My Melody.,,,,,,,,,,,,,,20.00,,,,,,,,,,,,,,15,,,,
,,Apontador Sanrio.,,,,,,,,,,,,,,20.00,,,,,,,,,,,,,,24,,,,
,,Corretivo Kuromi.,,,,,,,,,,,,,,30.00,,,,,,,,,,,,,,4,,,,
,,Corretivo Tape My Melody.,,,,,,,,,,,,,,10.00,,,,,,,,,,,,,,3,,,,
,,Corretivo Tape Hello Kitty  Peq.,,,,,,,,,,,,,,10.00,,,,,,,,,,,,,,3,,,,
,,Corretivo Tape H. Kitty.,,,,,,,,,,,,,,15.00,,,,,,,,,,,,,,12,,,,
,,Corretivo Hello Kitty,,,,,,,,,,,,,,30.00,,,,,,,,,,,,,,7,,,,
,,Kit c 10 Carimbos My Melody.,,,,,,,,,,,,,,50.00,,,,,,,,,,,,,,1,,,,
,,My Melody,,,,,,,,,,,,,,,,,,,,,,,,,,,,2Carimbo,,,,
,,Sapo,,,,,,,,,,,,,,,,,,,,,,,,,,,,1Carimbo,,,,
,,Cinamorol,,,,,,,,,,,,,,,,,,,,,,,,,,,,2Carimbo,,,,
,,Kuromi,,,,,,,,,,,,,,,,,,,,,,,,,,,,2Carimbo,,,,
,,Pudim,,,,,,,,,,,,,,,,,,,,,,,,,,,,2Carimbo,,,,
,,Hello Kitty.,,,,,,,,,,,,,,20.00,,,,,,,,,,,,,,2Carimbo,,,,
,,Adesivo My Melody.,,,,,,,,,,,,,,40.00,,,,,,,,,,,,,,1Kit,,,,
,,kit Adesivo kuromi.,,,,,,,,,,,,,,40.00,,,,,,,,,,,,,,2,,,,
,,kit Adesivo Cinnamorol.,,,,,,,,,,,,,,40.00,,,,,,,,,,,,,,1,,,,
,,Carimbos kuromi.,,,,,,,,,,,,,,30.00,,,,,,,,,,,,,,4,,,,
,,Carimbo Rolo.,,,,,,,,,,,,,,25.00,,,,,,,,,,,,,,3,,,,
,,Porta Moeda Hello Kitty.,,,,,,,,,,,,,,60.00,,,,,,,,,,,,,,2,,,,
,,Pincel Hello Kitty.,,,,,,,,,,,,,,60.00,,,,,,,,,,,,,,2,,,,
,,Porta Acessorio Hello Kitty.,,,,,,,,,,,,,,75.00,,,,,,,,,,,,,,1,,,,
,,Apontadores Peão.,,,,,,,,,,,,,,20.00,,,,,,,,,,,,,,2,,,,
,,Apontador Rosa.,,,,,,,,,,,,,,20.00,,,,,,,,,,,,,,1,,,,
,,Apontador Sanrio Casinha.,,,,,,,,,,,,,,23.00,,,,,,,,,,,,,,4,,,,
,,FingerBoard Hello Kitty.,,,,,,,,,,,,,,50.00,,,,,,,,,,,,,,1,,,,
,,Cadernos Espi Velcro Sanrio.,,,,,,,,,,,,,,70.00,,,,,,,,,,,,,,3,,,,
,,Lapis de Cor 6 Cores Neon brw.,,,,,,,,,,,,,,22.00,,,,,,,,,,,,,,4,,,,
,,Marcador de Texto Espaço c Glitter 10.00 cada,,,,,,,,,,,,,,,,,,,,,,,,,,,,12,,,,
,,Kit Saleiro Mickey.,,,,,,,,,,,,,,40.00,,,,,,,,,,,,,,1,,,,
,,Kit c 12 Lapiseiras Shiny Color,,,,,,,,,,,,,,35.00,,,,,,,,,,,,,,1,,,,
,,Canetinha 12 Cores Neo Pen Gigante Compactor.,,,,,,,,,,,,,,28.00,,,,,,,,,,,,,,2,,,,
,,Cader Cardeal Fashion 10M 140F,,,,,,,,,,,,,,42.00,,,,,,,,,,,,,,5,,,,
,,Cader DesJandainha 80F.,,,,,,,,,,,,,,25.00,,,,,,,,,,,,,,10,,,,
,,Cadernp Cardeal Pastel 12M 168F,,,,,,,,,,,,,,42.00,,,,,,,,,,,,,,3,,,,
,,Caderno Brochurão Credeal Turma da Lala 60F.,,,,,,,,,,,,,,9.30,,,,,,,,,,,,,,10,,,,
,,Caneta Esfer.Wave 1.0.,,,,,,,,,,,,,,7.00,,,,,,,,,,,,,,24,,,,
,,Grafite Tris 0.7mm.,,,,,,,,,,,,,,9.00,,,,,,,,,,,,,,22,,,,
,,Caneta Esfer. Wave 1.0 Mini,,,,,,,,,,,,,,3.50,,,,,,,,,,,,,,23,,,,
,,Caderno Inteligente Divertidamente,,,,,,,,,,,,,,84,,,,,,,,,,,,,,9,,,,
,,Caderno Inteligente Branco.,,,,,,,,,,,,,,100,,,,,,,,,,,,,,1,,,,
,,Caderno Brochurão Capa Dura 80 F,,,,,,,,,,,,,,14.00,,,,,,,,,,,,,,10,,,,
,,Caneta 6 Cores BTS.,,,,,,,,,,,,,,18.00,,,,,,,,,,,,,,4,,,,
,,Caneta 4 Cores BTS.,,,,,,,,,,,,,,17.00,,,,,,,,,,,,,,4,,,,
,,Caneta 9 Cores BTS.,,,,,,,,,,,,,,20.00,,,,,,,,,,,,,,6,,,,
,,Corretivo BTS.,,,,,,,,,,,,,,10.00,,,,,,,,,,,,,,10,,,,
,,Canetas Esfer BTS.,,,,,,,,,,,,,,20.00,,,,,,,,,,,,,,10,,,,
,,Caneta Super Herói.,,,,,,,,,,,,,,18.00,,,,,,,,,,,,,,6,,,,
,,Caneta Esfer. Apagável Flut,,,,,,,,,,,,,,17.00,,,,,,,,,,,,,,4,,,,
,,Marcador de Texto Stitch,,,,,,,,,,,,,,10.00,,,,,,,,,,,,,,9,,,,
,,de Texto Hello Kitty.,,,,,,,,,,,,,,10.00,,,,,,,,,,,,,,11Marcador,,,,
,,Marc. Texto Hello Kitty Bola.,,,,,,,,,,,,,,40.00,,,,,,,,,,,,,,9,,,,
,,Marcador de Texto Pata.,,,,,,,,,,,,,,10.00,,,,,,,,,,,,,,12,,,,
,,Marcador de Texto Ifood.,,,,,,,,,,,,,,10.00,,,,,,,,,,,,,,12,,,,
,,Apontador Ifood,,,,,,,,,,,,,,,,,,,,,,,,,,,,6,,,,
,,Canetas Ifood em Gel Preta.,,,,,,,,,,,,,,13.00,,,,,,,,,,,,,,12,,,,
,,Marcador de Texto Dinossa.,,,,,,,,,,,,,,10.00,,,,,,,,,,,,,,5,,,,
,,Marcador de Texto Hello Kitty Sanrio,,,,,,,,,,,,,,,,,,,,,,,,,,,,6,,,,
,,Escova Hello Kitty.,,,,,,,,,,,,,,70.00,,,,,,,,,,,,,,1,,,,
,,Tapete My Melody.,,,,,,,,,,,,,,230.00,,,,,,,,,,,,,,2,,,,
,,Sandalias My Melody.,,,,,,,,,,,,,,132.00,,,,,,,,,,,,,,2,,,,
,,Tapete Cinnamorol.,,,,,,,,,,,,,,230.00,,,,,,,,,,,,,,1,,,,
,,Bolsa Kuromi.,,,,,,,,,,,,,,80.00,,,,,,,,,,,,,,1,,,,
,,Bolsa Hello Kitty.,,,,,,,,,,,,,,80.00,,,,,,,,,,,,,,1,,,,
,,Fita Metrica Hello Kitty.,,,,,,,,,,,,,,28.00,,,,,,,,,,,,,,5,,,,
,,Estojo Hello Kitty Branco.,,,,,,,,,,,,,,85.00,,,,,,,,,,,,,,1,,,,
,,Estojo Hello Kitty Corino Ro.,,,,,,,,,,,,,,90.00,,,,,,,,,,,,,,1,,,,
,,Bolsa My Melody.,,,,,,,,,,,,,,150.00,,,,,,,,,,,,,,2,,,,
,,Caneta My Melody.,,,,,,,,,,,,,,21.00,,,,,,,,,,,,,,3,,,,
,,Hello Kitty.,,,,,,,,,,,,,,50.00,,,,,,,,,,,,,,1Gancho,,,,
,,Carteira Hello Kitty.,,,,,,,,,,,,,,70.00,,,,,,,,,,,,,,1,,,,
,,Enfeite Sanrio Carro.,,,,,,,,,,,,,,50.00,,,,,,,,,,,,,,4,,,,
,,Projetor Hello Kitty.,,,,,,,,,,,,,,250.00,,,,,,,,,,,,,,0,,,,
,,Porta Cartao Hello Kitty.,,,,,,,,,,,,,,45.50,,,,,,,,,,,,,,3,,,,
,,Bolsa Termica My Melody.,,,,,,,,,,,,,,140.00,,,,,,,,,,,,,,1,,,,
,,Maleta Portatil.,,,,,,,,,,,,,,260.00,,,,,,,,,,,,,,1,,,,
,,Relogio Preto Hello Kitty.,,,,,,,,,,,,,,125.30,,,,,,,,,,,,,,1,,,,
,,Relogio Branco Hello Kitty.,,,,,,,,,,,,,,150.00,,,,,,,,,,,,,,0,,,,
,,Mini Borracha Ifood Leo e Leo.,,,,,,,,,,,,,,19.00,,,,,,,,,,,,,,4,,,,
,,Papel Jandaia.,,,,,,,,,,,,,,13.00,,,,,,,,,,,,,,4,,,,
,,Lapis de Cor Hexa.,,,,,,,,,,,,,,15.00,,,,,,,,,,,,,,11,,,,
,,Resma A4.,,,,,,,,,,,,,,50.00,,,,,,,,,,,,,,2,,,,
,,Emborrachado.,,,,,,,,,,,,,,2025-04-08 00:00:00,,,,,,,,,,,,,,10,,,,
,,Cartolina.,,,,,,,,,,,,,,3.50,,,,,,,,,,,,,,100,,,,
,,Caneta Vermelha Compactor,,,,,,,,,,,,,,4.00,,,,,,,,,,,,,,50,,,,
,,Caneta Preta Compactor.,,,,,,,,,,,,,,4.00,,,,,,,,,,,,,,50,,,,
,,Caneta Azul Compactor.,,,,,,,,,,,,,,4.00,,,,,,,,,,,,,,50,,,,
,,Caneta Esfer Compactor Jet Lux 4 cores,,,,,,,,,,,,,,,,,,,,,,,,,,,,3,,,,
,,Estojo Box Divertidamente.,,,,,,,,,,,,,,89.00,,,,,,,,,,,,,,8,,,,
,,Estojo Box Carros.,,,,,,,,,,,,,,89.00,,,,,,,,,,,,,,3,,,,
,,Borracha Hello Kitty Big.,,,,,,,,,,,,,,50.00,,,,,,,,,,,,,,5,,,,
,,Canetas Apagavel Clicker Hello Kitty,,,,,,,,,,,,,,20.00,,,,,,,,,,,,,,6,,,,
,,Caneta Gel My Melody.,,,,,,,,,,,,,,13.00,,,,,,,,,,,,,,12,,,,
,,Mini Bloco Prancheta.,,,,,,,,,,,,,,17.00,,,,,,,,,,,,,,6,,,,
,,Cola Bastão Lotso.,,,,,,,,,,,,,,20.00,,,,,,,,,,,,,,9,,,,
,,Réguas  Capivara de 15 cm,,,,,,,,,,,,,,19.50,,,,,,,,,,,,,,12,,,,
,,Canetas c 07 Cores H. Aranha,,,,,,,,,,,,,,,,,,,,,,,,,,,,6,,,,
,,Prancheta Mini.,,,,,,,,,,,,,,17.00,,,,,,,,,,,,,,5,,,,
,,Calculadora Hello Kitty Rosa,,,,,,,,,,,,,,,,,,,,,,,,,,,,3,,,,
,,Calculadora Hello Kitty Azul,,,,,,,,,,,,,,,,,,,,,,,,,,,,2,,,,
,,Hello Kitty Apple Collection,,,,,,,,,,,,,,38.00,,,,,,,,,,,,,,3,,,,
,,Garrafa Hello Kitty.,,,,,,,,,,,,,,85.00,,,,,,,,,,,,,,2,,,,
,,Chaveiro My Melody Sorvete.,,,,,,,,,,,,,,100.00,,,,,,,,,,,,,,1,,,,
,,Chaveiro My Melody Dream.,,,,,,,,,,,,,,100.00,,,,,,,,,,,,,,1,,,,
,,kit Mochila My Melody.,,,,,,,,,,,,,,330.00,,,,,,,,,,,,,,1,,,,
,,Chaveiro Kuromi.,,,,,,,,,,,,,,100.00,,,,,,,,,,,,,,1,,,,
,,Chaveiro Mini Hello Kitty c Led,,,,,,,,,,,,,,20.00,,,,,,,,,,,,,,10,,,,
,,Chaveiro Bloco.,,,,,,,,,,,,,,20.00,,,,,,,,,,,,,,8,,,,
,,Laços Mickey.,,,,,,,,,,,,,,10.00,,,,,,,,,,,,,,14,,,,
,,Pares Laços Hello Kitty.,,,,,,,,,,,,,,50.00,,,,,,,,,,,,,,3,,,,
,,Flatware Hello Kitty.,,,,,,,,,,,,,,140.00,,,,,,,,,,,,,,2,,,,
,,Flatware Sanrio.,,,,,,,,,,,,,,140.00,,,,,,,,,,,,,,3,,,,
,,Pelúcia Hello Kitty.,,,,,,,,,,,,,,165.00,,,,,,,,,,,,,,1,,,,
,,Pelúcia kuromi.,,,,,,,,,,,,,,165.00,,,,,,,,,,,,,,2,,,,
,,Limpeza Facial Kuromi.,,,,,,,,,,,,,,43.00,,,,,,,,,,,,,,5,,,,
,,Cordoes Hello Kitty.,,,,,,,,,,,,,,42.00,,,,,,,,,,,,,,3,,,,
,,"Lousa Magica 8.5""",,,,,,,,,,,,,,21.00,,,,,,,,,,,,,,2,,,,
,,"Lousa Magica 10""",,,,,,,,,,,,,,36.00,,,,,,,,,,,,,,2,,,,
,,"Lousa Magica 12""",,,,,,,,,,,,,,42.00,,,,,,,,,,,,,,2,,,,
,,Depilador Nasal.,,,,,,,,,,,,,,73.00,,,,,,,,,,,,,,2,,,,
,,Removedor Cravo.,,,,,,,,,,,,,,73.00,,,,,,,,,,,,,,2,,,,
,,Aspirador Carro.,,,,,,,,,,,,,,73.00,,,,,,,,,,,,,,3,,,,
,,Forma Silicone.,,,,,,,,,,,,,,25.00,,,,,,,,,,,,,,6,,,,
,,Suporte Carro.,,,,,,,,,,,,,,35.00,,,,,,,,,,,,,,4,,,,
,,Porta Joia.,,,,,,,,,,,,,,30.00,,,,,,,,,,,,,,2,,,,
,,Caixa Karaoke.,,,,,,,,,,,,,,100.00,,,,,,,,,,,,,,2,,,,
,,Garrafa Termica c Led.,,,,,,,,,,,,,,75.00,,,,,,,,,,,,,,4,,,,
,,Maquina Costura Portatil.,,,,,,,,,,,,,,245.00,,,,,,,,,,,,,,2,,,,
,,Power Bank.,,,,,,,,,,,,,,80.00,,,,,,,,,,,,,,2,,,,
,,Kit Pincel.,,,,,,,,,,,,,,30.00,,,,,,,,,,,,,,2,,,,
,,Leque My Melody.,,,,,,,,,,,,,,20.00,,,,,,,,,,,,,,4,,,,
,,Leque kuromi.,,,,,,,,,,,,,,20.00,,,,,,,,,,,,,,3,,,,
,,Leque Cinnamorol.,,,,,,,,,,,,,,20.00,,,,,,,,,,,,,,4,,,,
,,Leque Pum pum,,,,,,,,,,,,,,20.00,,,,,,,,,,,,,,3,,,,
,,Cadeado Sanrio.,,,,,,,,,,,,,,28.00,,,,,,,,,,,,,,11,,,,
,,Cadeado Gato.,,,,,,,,,,,,,,28.00,,,,,,,,,,,,,,4,,,,
,,Caneta Gel Hello Kitty Azul,,,,,,,,,,,,,,13.00,,,,,,,,,,,,,,12,,,,
,,Caneta Gel My Melody.,,,,,,,,,,,,,,13.00,,,,,,,,,,,,,,12,,,,
,,Caneta Gel Kuromi.,,,,,,,,,,,,,,13.00,,,,,,,,,,,,,,12,,,,
,,Presilha Infantil.,,,,,,,,,,,,,,20.00,,,,,,,,,,,,,,2,,,,
,,Marcador Unicornio.,,,,,,,,,,,,,,40.00,,,,,,,,,,,,,,2,,,,
,,Apontador Dino.,,,,,,,,,,,,,,12.00,,,,,,,,,,,,,,4,,,,
,,Apontador Dino Depos.,,,,,,,,,,,,,,14.00,,,,,,,,,,,,,,2,,,,
,,Perfume Carro Hello Kitty,,,,,,,,,,,,,,25.00,,,,,,,,,,,,,,2,,,,
,,Kit c 12 Canetinhad Colo Urso,,,,,,,,,,,,,,35.00,,,,,,,,,,,,,,3,,,,
,,Caneta 10 Cores Urso.    ?,,,,,,,,,,,,,,,,,,,,,,,,,,,,6,,,,
,,Caneta Hidrog 6 cores Jumbo.,,,,,,,,,,,,,,14.00,,,,,,,,,,,,,,2,,,,
,,Marca Texto Apagável,,,,,,,,,,,,,,13.80,,,,,,,,,,,,,,11,,,,
,,Estojo Carinha Stitch,,,,,,,,,,,,,,135,,,,,,,,,,,,,,4,,,,
,,Estojo Fluffly Pooh.,,,,,,,,,,,,,,139,,,,,,,,,,,,,,4,,,,
,,Estojo Fluffly Stitch,,,,,,,,,,,,,,139,,,,,,,,,,,,,,4,,,,
,,Estojo Magic.,,,,,,,,,,,,,,110,,,,,,,,,,,,,,4,,,,
,,Estojo Enjoy.,,,,,,,,,,,,,,39,,,,,,,,,,,,,,4,,,,
,,Estojo c Elastico Pooh,,,,,,,,,,,,,,45,,,,,,,,,,,,,,4,,,,
,,Agenda Mini Pooh.,,,,,,,,,,,,,,75,,,,,,,,,,,,,,4,,,,
,,Estojo c Elastico Stitch,,,,,,,,,,,,,,45,,,,,,,,,,,,,,4,,,,
,,Pasta c Aba elástica Mickey.,,,,,,,,,,,,,,23,,,,,,,,,,,,,,10,,,,
,,Fichario Colegial Stitch 192f Coleção Nova.,,,,,,,,,,,,,,216,,,,,,,,,,,,,,3,,,,
,,Fichario Colegial Argolado Pooh 144f,,,,,,,,,,,,,,177.00,,,,,,,,,,,,,,4,,,,
,,Fichario Univers. Pooh 192f (Nova coleção) DAC.,,,,,,,,,,,,,,218.00,,,,,,,,,,,,,,4,,,,
,,Fichario Univers. Snoopy  DAC,,,,,,,,,,,,,,218.00,,,,,,,,,,,,,,4,,,,
,,Fichario Univers. Bob Esponja DAC,,,,,,,,,,,,,,218.00,,,,,,,,,,,,,,4,,,,
,,Fichario Univers. Argolado Enjoy 48f DAC,,,,,,,,,,,,,,,,,,,,,,,,,,,,4,,,,
,,Fichario Univers. Argolado Snoopy 48f DAC,,,,,,,,,,,,,,147.00,,,,,,,,,,,,,,4,,,,
,,Mini Fichario Argolado c Fichas Snoopy 80f DAC,,,,,,,,,,,,,,83.00,,,,,,,,,,,,,,4,,,,
,,Mini Fichario Argolado c Fichas Bob Esponja 80f DAC.,,,,,,,,,,,,,,83.00,,,,,,,,,,,,,,4,,,,
,,Smart Univer Troca Folhas q,,,,,,,,,,,,,,,,,,,,,,,,,,,,Caderno,,,,
,,Caderno Smart Univ Vision Azul Serenity DAC,,,,,,,,,,,,,,84.00,,,,,,,,,,,,,,4,,,,
,,Caderno Smart Univ Vision Rosa Bebê DAC,,,,,,,,,,,,,,84.00,,,,,,,,,,,,,,4,,,,
,,Smart Univ Bob Esponja,,,,,,,,,,,,,,119.00,,,,,,,,,,,,,,4,,,,
,,Smart Univ Mickey,,,,,,,,,,,,,,119.00,,,,,,,,,,,,,,8,,,,
,,Smart Univ Divertidamente 80f ( Troca Folha),,,,,,,,,,,,,,119.00,,,,,,,,,,,,,,4,,,,
,,Smart Univ Hello.,,,,,,,,,,,,,,100.00,,,,,,,,,,,,,,4,,,,
,,Smart Colegial,,,,,,,,,,,,,,,,,,,,,,,,,,,,Caderno,,,,
,,Caderno Smart Colegial Hello 80f DAC,,,,,,,,,,,,,,82.00,,,,,,,,,,,,,,4,,,,
,,Caderno Smart Colegial Pooh,,,,,,,,,,,,,,83.00,,,,,,,,,,,,,,4,,,,
,,Caderno Smart Colegial Mickey,,,,,,,,,,,,,,83.00,,,,,,,,,,,,,,4,,,,
,,Caderno Smart Colegial Minnie,,,,,,,,,,,,,,83.00,,,,,,,,,,,,,,4,,,,
,,Caderno Smart Colegial Divertidamente,,,,,,,,,,,,,,99.00,,,,,,,,,,,,,,4,,,,
,,Caderno,,,,,,,,,,,,,,,,,,,,,,,,,,,,Mini,,,,
,,Mini Caderno Smart Pooh 80f Reposicionaveis e divisórias DAC.,,,,,,,,,,,,,,97.00,,,,,,,,,,,,,,4,,,,
,,Mini Caderno Smart Snoopy 80f Reposicionaveis e divisórias  DAC.,,,,,,,,,,,,,,97.00,,,,,,,,,,,,,,4,,,,
,,Fichario,,,,,,,,,,,,,,,,,,,,,,,,,,,,Mini,,,,
,,Mini Fichario Smart Pooh.,,,,,,,,,,,,,,46.00,,,,,,,,,,,,,,4,,,,
,,Mini Fichario Smart Mickey,,,,,,,,,,,,,,46.00,,,,,,,,,,,,,,4,,,,
,,Guarda-chuva Stitch.,,,,,,,,,,,,,,97.00,,,,,,,,,,,,,,10,,,,
,,Estojo Box Hello Kitty com Relevo,,,,,,,,,,,,,,140.00,,,,,,,,,,,,,,10,,,,
,,Estojo Box Stitch c Relevo 50 pens,,,,,,,,,,,,,,89.00,,,,,,,,,,,,,,5,,,,
,,Estojo Box Capivara c Relevo,,,,,,,,,,,,,,89.00,,,,,,,,,,,,,,5,,,,
,,Estojo Box Mário.,,,,,,,,,,,,,,89.00,,,,,,,,,,,,,,3,,,,
,,Estojo Box H. Aranha,,,,,,,,,,,,,,89.00,,,,,,,,,,,,,,3,,,,
,,Estojo Box  H. Ferro.,,,,,,,,,,,,,,89.00,,,,,,,,,,,,,,3,,,,
,,Apontador H. Ferro,,,,,,,,,,,,,,,,,,,,,,,,,,,,2,,,,
,,Estojo Box C. América,,,,,,,,,,,,,,89.00,,,,,,,,,,,,,,3,,,,
,,Apontador C. América,,,,,,,,,,,,,,,,,,,,,,,,,,,,2,,,,
,,Fone Head Unicornio,,,,,,,,,,,,,,117.00,,,,,,,,,,,,,,3,,,,
,,Luminárias Clip,,,,,,,,,,,,,,38.00,,,,,,,,,,,,,,5,,,,
,,Marca Texto Sorvete,,,,,,,,,,,,,,35.00,,,,,,,,,,,,,,6,,,,
,,Borracha Hello Kitty Lápis,,,,,,,,,,,,,,17.00,,,,,,,,,,,,,,11,,,,
,,Lapis Infinito Metal Capivara,,,,,,,,,,,,,,14.00,,,,,,,,,,,,,,12,,,,
,,Caderno Capa Couro Harry Potter,,,,,,,,,,,,,,100,,,,,,,,,,,,,,6,,,,
,,Mini Caderno C Dura Harry Potter,,,,,,,,,,,,,,98,,,,,,,,,,,,,,4,,,,
,,Caderno Luxo Capivara.,,,,,,,,,,,,,,100,,,,,,,,,,,,,,4,,,,
,,Caderno Pelúcia Hello Kitty,,,,,,,,,,,,,,87.5,,,,,,,,,,,,,,5,,,,
,,Caderno c Div Hello Kitty,,,,,,,,,,,,,,100,,,,,,,,,,,,,,10,,,,
,,Caderno c Div Liga Justiça,,,,,,,,,,,,,,100,,,,,,,,,,,,,,4,,,,
,,Corretivo Stitch.,,,,,,,,,,,,,,23,,,,,,,,,,,,,,12,,,,
,,Funkos.,,,,,,,,,,,,,,130,,,,,,,,,,,,,,12,,,,
,,Corretivo Peq Hello Kitty,,,,,,,,,,,,,,,,,,,,,,,,,,,,12,,,,
,,Luminária Clip,,,,,,,,,,,,,,,,,,,,,,,,,,,,5,,,,
,,Conjunto de 8 Pincéis c Carimbo,,,,,,,,,,,,,,70.00,,,,,,,,,,,,,,2,,,,
,,Fichario Sianrio,,,,,,,,,,,,,,,,,,,,,,,,,,,,3,,,,
,,Fichario Boneca,,,,,,,,,,,,,,,,,,,,,,,,,,,,2,,,,
,,Aquarela Cinnamorol,,,,,,,,,,,,,,,,,,,,,,,,,,,,3,,,,
,,Aquarela Kuromi,,,,,,,,,,,,,,,,,,,,,,,,,,,,3,,,,
,,Aquarela  My Melody,,,,,,,,,,,,,,,,,,,,,,,,,,,,3,,,,
,,Compasso Capivara.,,,,,,,,,,,,,,20.00,,,,,,,,,,,,,,4,,,,
,,Borracha Capivara,,,,,,,,,,,,,,,,,,,,,,,,,,,,6,,,,
,,Borrachas Mickey.,,,,,,,,,,,,,,17.00,,,,,,,,,,,,,,3,,,,
,,Borracha  Minnie.,,,,,,,,,,,,,,17.00,,,,,,,,,,,,,,2,,,,
,,potes Bob,,,,,,,,,,,,,,,,,,,,,,,,,,,,3,,,,
,,Marcadores Espaço,,,,,,,,,,,,,,,,,,,,,,,,,,,,6,,,,
,,Caneta Pelucia Stitch,,,,,,,,,,,,,,22.00,,,,,,,,,,,,,,12,,,,
,,Caneta  Click Cabeça Stitch.,,,,,,,,,,,,,,15.00,,,,,,,,,,,,,,12,,,,
,,Grampeador Stitch.,,,,,,,,,,,,,,87.00,,,,,,,,,,,,,,4,,,,
,,Sacola Stitch.,,,,,,,,,,,,,,,,,,,,,,,,,,,,3,,,,
,,Grampeador Hello Kitty.,,,,,,,,,,,,,,87.00,,,,,,,,,,,,,,4,,,,
,,Grampeador Kuromi.,,,,,,,,,,,,,,87.00,,,,,,,,,,,,,,2,,,,
,,Caneta luxo Batom.,,,,,,,,,,,,,,15.00,,,,,,,,,,,,,,28,,,,
,,Marca Texto Avenger.,,,,,,,,,,,,,,10.00,,,,,,,,,,,,,,2,,,,
,,Marca Texto Mario.,,,,,,,,,,,,,,10.00,,,,,,,,,,,,,,1,,,,
,,Estojo Mario.,,,,,,,,,,,,,,,,,,,,,,,,,,,,1,,,,
,,Marca Texto My Melody.,,,,,,,,,,,,,,40.00,,,,,,,,,,,,,,2,,,,
,,Marca Texto Kuromi.,,,,,,,,,,,,,,40.00,,,,,,,,,,,,,,2,,,,
,,Rolo Adesivo Capivara.,,,,,,,,,,,,,,10.00,,,,,,,,,,,,,,3,,,,
,,Rolo Adesivo.,,,,,,,,,,,,,,10.00,,,,,,,,,,,,,,1,,,,
,,Mini Bloco Cinnamorol.,,,,,,,,,,,,,,25.00,,,,,,,,,,,,,,2,,,,
,,Mini Bloco My Melody.,,,,,,,,,,,,,,25.00,,,,,,,,,,,,,,1,,,,
,,Mini Bloco Pom.,,,,,,,,,,,,,,25.00,,,,,,,,,,,,,,1,,,,
,,Mini Bloco kuromi.,,,,,,,,,,,,,,25.00,,,,,,,,,,,,,,1,,,,
,,Borracha Monstro.,,,,,,,,,,,,,,35.00,,,,,,,,,,,,,,2,,,,
,,Foguete.,,,,,,,,,,,,,,35.00,,,,,,,,,,,,,,01Borracha,,,,
,,Borracha Urso.,,,,,,,,,,,,,,35.00,,,,,,,,,,,,,,1,,,,
,,Conj Pincéis c Carimbo,,,,,,,,,,,,,,,,,,,,,,,,,,,,2,,,,
,,Conj Marca Texto Neon.,,,,,,,,,,,,,,25.00,,,,,,,,,,,,,,2,,,,
,,Caneta Apagavel Avenger,,,,,,,,,,,,,,15.00,,,,,,,,,,,,,,12,,,,
,,Caneta Click Avenger.,,,,,,,,,,,,,,22.00,,,,,,,,,,,,,,12,,,,
,,Lapis Infinito Avenger.,,,,,,,,,,,,,,18.00,,,,,,,,,,,,,,12,,,,
,,Lapis Infinito Pastel.,,,,,,,,,,,,,,10.00,,,,,,,,,,,,,,12,,,,
,,Lapis Infinito Sanrio.,,,,,,,,,,,,,,18.00,,,,,,,,,,,,,,12,,,,
,,Caneta Click Kuromi.,,,,,,,,,,,,,,18.00,,,,,,,,,,,,,,12,,,,
,,Caneta Click Hello Kitty,,,,,,,,,,,,,,,,,,,,,,,,,,,,12,,,,
,,Borracha Simples Lotso,,,,,,,,,,,,,,,,,,,,,,,,,,,,10,,,,
,,Borracha Bastão Boneca.,,,,,,,,,,,,,,20.00,,,,,,,,,,,,,,3,,,,
,,Apontador Boneca,,,,,,,,,,,,,,,,,,,,,,,,,,,,4,,,,
,,Borracha Bastão Espaço,,,,,,,,,,,,,,,,,,,,,,,,,,,,3,,,,
,,Apontador  Espaço,,,,,,,,,,,,,,,,,,,,,,,,,,,,3,,,,
,,Apontador Bob esponja,,,,,,,,,,,,,,,,,,,,,,,,,,,,8,,,,
,,Apontador Sanrio,,,,,,,,,,,,,,,,,,,,,,,,,,,,5,,,,
,,Borracha Bastao Astronauta,,,,,,,,,,,,,,,,,,,,,,,,,,,,3,,,,
,,Borracha Bastão Lotso,,,,,,,,,,,,,,,,,,,,,,,,,,,,3,,,,
,,Borracha Bastão Dino.,,,,,,,,,,,,,,20.00,,,,,,,,,,,,,,3,,,,
,,Cola Bastão Stitch,,,,,,,,,,,,,,,,,,,,,,,,,,,,4,,,,
,,Chaveiro Harry Potter.,,,,,,,,,,,,,,20.00,,,,,,,,,,,,,,4,,,,
,,Canetas 10 Cores Harry Potter,,,,,,,,,,,,,,30.00,,,,,,,,,,,,,,6,,,,
,,Clips p Papeis 2.0.,,,,,,,,,,,,,,14.00,,,,,,,,,,,,,,6,,,,
,,Compasso c Grafite Kas.,,,,,,,,,,,,,,18.00,,,,,,,,,,,,,,2,,,,
,,Compasso c Lapis Kas.,,,,,,,,,,,,,,22.00,,,,,,,,,,,,,,1,,,,
,,Gizao de Cera Big Kas.,,,,,,,,,,,,,,21.00,,,,,,,,,,,,,,2,,,,
,,Giz de Cera em Gel Metalico Kas.,,,,,,,,,,,,,,40.00,,,,,,,,,,,,,,2,,,,
,,Giz de Cera em Gel Cor da Pele Kas,,,,,,,,,,,,,,40.,,,,,,,,,,,,,,2,,,,
,,Furador Kas.,,,,,,,,,,,,,,44.00,,,,,,,,,,,,,,1,,,,
,,Fita Corretiva Dino.,,,,,,,,,,,,,,42.00,,,,,,,,,,,,,,2,,,,
,,Marca Texto Fruit-tella.,,,,,,,,,,,,,,40.00,,,,,,,,,,,,,,2,,,,
,,Conj Caneta Frut-tella.,,,,,,,,,,,,,,23.00,,,,,,,,,,,,,,2,,,,
,,Borracha ice-cream Kas.,,,,,,,,,,,,,,10.00,,,,,,,,,,,,,,5,,,,
,,Grafite  Unicornio 0.7 mm.,,,,,,,,,,,,,,18.00,,,,,,,,,,,,,,12,,,,
,,Fita Dupla Face 12 mm x 2m.,,,,,,,,,,,,,,13.00,,,,,,,,,,,,,,4,,,,
,,Pincel Marcador Permanente.,,,,,,,,,,,,,,10.00,,,,,,,,,,,,,,12,,,,
,,Pincel Marcador Artistico Dual Point,,,,,,,,,,,,,,75.00,,,,,,,,,,,,,,2,,,,
,,Tesoura Urso 13 cm Kas,,,,,,,,,,,,,,,,,,,,,,,,,,,,1,,,,
,,Tesoura Tigre 13 cm kas,,,,,,,,,,,,,,,,,,,,,,,,,,,,1,,,,
,,Marcador Fineliner Mundo Rosa Fofy.,,,,,,,,,,,,,,36.,,,,,,,,,,,,,,1,,,,
,,Conj c 6 Caneta Esferografica Pastel,,,,,,,,,,,,,,40.,,,,,,,,,,,,,,2,,,,
,,Conj c 7 Caneta Esferografica Pastel 1.0 Ponta metálica tipo agulha.,,,,,,,,,,,,,,40.00,,,,,,,,,,,,,,1,,,,
,,Conj De 15 Marcadores.,,,,,,,,,,,,,,100.00,,,,,,,,,,,,,,2,,,,
,,Historias Biblicas.,,,,,,,,,,,,,,35.00,,,,,,,,,,,,,,2,,,,
,,Conj Caneta Magica.,,,,,,,,,,,,,,37.00,,,,,,,,,,,,,,3,,,,
,,Ponteira.,,,,,,,,,,,,,,0.60,,,,,,,,,,,,,,48,,,,
,,Garrafa Harry Potter.,,,,,,,,,,,,,,44.00,,,,,,,,,,,,,,1,,,,
,,Óculos Harry Potter,,,,,,,,,,,,,,,,,,,,,,,,,,,,2,,,,
,,Garrafa Bob Esponja Transparente,,,,,,,,,,,,,,52,,,,,,,,,,,,,,1,,,,
,,Garrafa Bob Esponja Amarela.,,,,,,,,,,,,,,55,,,,,,,,,,,,,,1,,,,
,,Garrafa Kuromi.,,,,,,,,,,,,,,45.50,,,,,,,,,,,,,,1,,,,
,,Garrafa Hello Kitty Branca.,,,,,,,,,,,,,,45.50,,,,,,,,,,,,,,1,,,,
,,Garrafa Hello Kitty Rosa.,,,,,,,,,,,,,,70.00,,,,,,,,,,,,,,1,,,,
,,Garrafa Snoopy.,,,,,,,,,,,,,,30.00,,,,,,,,,,,,,,1,,,,
,,Mapa Magico.,,,,,,,,,,,,,,17.00,,,,,,,,,,,,,,5,,,,
,,Dinheirinho.,,,,,,,,,,,,,,10.00,,,,,,,,,,,,,,6,,,,
,,Livro Colorir Carros.,,,,,,,,,,,,,,12.00,,,,,,,,,,,,,,3,,,,
,,Livro Colorir Moana.,,,,,,,,,,,,,,12.00,,,,,,,,,,,,,,4,,,,
,,Pastas A4 Pastel.,,,,,,,,,,,,,,17.00,,,,,,,,,,,,,,3,,,,
,,Cozy Circus.,,,,,,,,,,,,,,35.00,,,,,,,,,,,,,,5,,,,
,,Sunny Days,,,,,,,,,,,,,,,,,,,,,,,,,,,,5,,,,
,,Cozy Time,,,,,,,,,,,,,,,,,,,,,,,,,,,,1,,,,
,,Comfy Days.,,,,,,,,,,,,,,35.00,,,,,,,,,,,,,,1,,,,
,,Cute Buddies,,,,,,,,,,,,,,,,,,,,,,,,,,,,9,,,,
,,Cute World.,,,,,,,,,,,,,,35.00,,,,,,,,,,,,,,4,,,,
,,Ventiladores.,,,,,,,,,,,,,,,,,,,,,,,,,,,,4,,,,
,,Fine Line,,,,,,,,,,,,,,,,,,,,,,,,,,,,1,,,,
,,Rolos Impressora,,,,,,,,,,,,,,,,,,,,,,,,,,,,30,,,,
,,Chaveiro Porta Objeto.,,,,,,,,,,,,,,40.00,,,,,,,,,,,,,,5,,,,
,,Deposito Cenoura,,,,,,,,,,,,,,,,,,,,,,,,,,,,10,,,,
,,Caneta Cenoura.,,,,,,,,,,,,,,10.00,,,,,,,,,,,,,,12,,,,
,,Marca Texto Cenoura.,,,,,,,,,,,,,,10.00,,,,,,,,,,,,,,12,,,,
,,Estilete Flor.,,,,,,,,,,,,,,22.00,,,,,,,,,,,,,,5,,,,
,,Marca Texto Esporte.,,,,,,,,,,,,,,10.00,,,,,,,,,,,,,,6,,,,
,,Estojo Transparente.,,,,,,,,,,,,,,10.00,,,,,,,,,,,,,,12,,,,
,,Clip p Cabelo.,,,,,,,,,,,,,,15.00,,,,,,,,,,,,,,2,,,,
,,Faixa p Cabelo.,,,,,,,,,,,,,,15.00,,,,,,,,,,,,,,3,,,,
,,Fone de Ouvido Divertido.,,,,,,,,,,,,,,,,,,,,,,,,,,,,3,,,,
,,Espelho Urso,,,,,,,,,,,,,,,,,,,,,,,,,,,,3,,,,
,,Pares Brinco Diversos,,,,,,,,,,,,,,,,,,,,,,,,,,,,36,,,,
,,Presilha Pom Pom.,,,,,,,,,,,,,,15,,,,,,,,,,,,,,10,,,,
,,Presilha Adulto,,,,,,,,,,,,,,,,,,,,,,,,,,,,4,,,,
,,Cartela Presilha Infantil,,,,,,,,,,,,,,,,,,,,,,,,,,,,6,,,,
,,Cartela Piranha Infantil,,,,,,,,,,,,,,,,,,,,,,,,,,,,1,,,,
,,Cartela Presilha Laço.,,,,,,,,,,,,,,30,,,,,,,,,,,,,,12,,,,
,,Faixas Recém Nascido.,,,,,,,,,,,,,,65,,,,,,,,,,,,,,12,,,,
,,Corrente p Crachá.,,,,,,,,,,,,,,15.00,,,,,,,,,,,,,,12,,,,
,,Urso Cinza.,,,,,,,,,,,,,,83,,,,,,,,,,,,,,2,,,,
,,Urso Creme.,,,,,,,,,,,,,,83,,,,,,,,,,,,,,1,,,,
,,Urso Marrom.,,,,,,,,,,,,,,91,,,,,,,,,,,,,,2,,,,
,,Cenoura Pelúcia.  38.5.  ?,,,,,,,,,,,,,,,,,,,,,,,,,,,,4,,,,
,,Chaveiro Coelho vestido.,,,,,,,,,,,,,,31.00,,,,,,,,,,,,,,3,,,,
,,Chaveiro Coelho Creme.,,,,,,,,,,,,,,21.30,,,,,,,,,,,,,,4,,,,
,,Chaveiro Coelho marrom.,,,,,,,,,,,,,,21.30,,,,,,,,,,,,,,4,,,,
,,Chaveiro Coelho Rosa Claro.,,,,,,,,,,,,,,21.30,,,,,,,,,,,,,,4,,,,
,,Chaveiro Coelho Creme  Claro.,,,,,,,,,,,,,,21.30,,,,,,,,,,,,,,1,,,,
,,Chaveiro Coelho Pink.,,,,,,,,,,,,,,21.30,,,,,,,,,,,,,,3,,,,
,,Coelho c Cenoura.,,,,,,,,,,,,,,60.00,,,,,,,,,,,,,,3,,,,
,,Pct Balão c 5 balões Color.,,,,,,,,,,,,,,,,,,,,,,,,,,,,3,,,,
,,Pct Confete,,,,,,,,,,,,,,,,,,,,,,,,,,,,2,,,,
,,Rolo de fita 50 mPink,,,,,,,,,,,,,,,,,,,,,,,,,,,,1,,,,
,,Rolo de fita 50 m Verde Água.,,,,,,,,,,,,,,3.60,,,,,,,,,,,,,,1,,,,
,,Rolo de fita 50 m Azul,,,,,,,,,,,,,,,,,,,,,,,,,,,,1,,,,
,,Rolo de fita 10 m Bronze.  1M =,,,,,,,,,,,,,,3.60,,,,,,,,,,,,,,1,,,,
,,Rolo de fita 10 m Azul Bebê,,,,,,,,,,,,,,,,,,,,,,,,,,,,1,,,,
,,Meia Autismo.,,,,,,,,,,,,,,45.00,,,,,,,,,,,,,,2,,,,
,,Meia Mario,,,,,,,,,,,,,,,,,,,,,,,,,,,,1,,,,
,,Meia Mickey,,,,,,,,,,,,,,,,,,,,,,,,,,,,1,,,,
,,Meia Harry Potter,,,,,,,,,,,,,,,,,,,,,,,,,,,,2,,,,
,,Meia Stitch Rosa,,,,,,,,,,,,,,,,,,,,,,,,,,,,1,,,,
,,Meia Stitch Branca,,,,,,,,,,,,,,,,,,,,,,,,,,,,1,,,,
,,Meia Snoopy,,,,,,,,,,,,,,,,,,,,,,,,,,,,1,,,,
,,Meia listrada Preta,,,,,,,,,,,,,,,,,,,,,,,,,,,,1,,,,
,,Meia Listrada Branca.,,,,,,,,,,,,,,45.00,,,,,,,,,,,,,,1,,,,
,,Meia Capivara,,,,,,,,,,,,,,,,,,,,,,,,,,,,2,,,,
,,Meia Hello Kitty Branca,,,,,,,,,,,,,,,,,,,,,,,,,,,,1,,,,
,,Meia Hello Kitty Laranja,,,,,,,,,,,,,,,,,,,,,,,,,,,,1,,,,
,,Meia Mulher Maravilha,,,,,,,,,,,,,,,,,,,,,,,,,,,,1,,,,
,,Meia Bob Esponja,,,,,,,,,,,,,,,,,,,,,,,,,,,,1,,,,
,,Meia Patrick.,,,,,,,,,,,,,,45.00,,,,,,,,,,,,,,1,,,,
,,Meia Lula Molusco,,,,,,,,,,,,,,,,,,,,,,,,,,,,1,,,,
,,Meia Pooh.,,,,,,,,,,,,,,45.00,,,,,,,,,,,,,,1,,,,
,,Sacola Média c Alça.,,,,,,,,,,,,,,35.00,,,,,,,,,,,,,,3,,,,
,,Sacola Peq c Alça.,,,,,,,,,,,,,,23.00,,,,,,,,,,,,,,2,,,,
,,Sacola Transparente c Alça.,,,,,,,,,,,,,,17.50,,,,,,,,,,,,,,9,,,,
,,Saco Organza.   25×40.,,,,,,,,,,,,,,11.00,,,,,,,,,,,,,,10,,,,
,,Saco Organza.  15×23.,,,,,,,,,,,,,,4.50,,,,,,,,,,,,,,10,,,,
,,"Pct Balão 5""",,,,,,,,,,,,,,,,,,,,,,,,,,,,2,,,,
,,Paleta Hello Kitty,,,,,,,,,,,,,,70.00,,,,,,,,,,,,,,2,,,,
,,Kit Mini Esponja.,,,,,,,,,,,,,,15.00,,,,,,,,,,,,,,2,,,,
,,Clip p Cabelo.,,,,,,,,,,,,,,20.00,,,,,,,,,,,,,,2,,,,
,,Trio Contorno.,,,,,,,,,,,,,,37,,,,,,,,,,,,,,3,,,,
,,Espelho Urso.,,,,,,,,,,,,,,10,,,,,,,,,,,,,,3,,,,
,,Faixa Cabelo.,,,,,,,,,,,,,,15,,,,,,,,,,,,,,3,,,,
,,Máscara Cílios.,,,,,,,,,,,,,,27,,,,,,,,,,,,,,4,,,,
,,Lip Gloss.,,,,,,,,,,,,,,23,,,,,,,,,,,,,,5,,,,
,,Cad A5 Mônica.,,,,,,,,,,,,,,155.33,,,,,,,,,,,,,,5,,,,
,,Cad. Desenho Mônica.,,,,,,,,,,,,,,39.00,,,,,,,,,,,,,,5,,,,
,,Cad X Elástico Azul Alice.,,,,,,,,,,,,,,72.00,,,,,,,,,,,,,,4,,,,
,,Cad Colegial 10M Moranguinho CD.,,,,,,,,,,,,,,75.00,,,,,,,,,,,,,,8,,,,
,,Cad Univ Mônica 10M.,,,,,,,,,,,,,,64.00,,,,,,,,,,,,,,4,,,,
,,Cad Univ Alice 10M.,,,,,,,,,,,,,,84.00,,,,,,,,,,,,,,8,,,,
,,Fichario Colegial  Alice.,,,,,,,,,,,,,,166.00,,,,,,,,,,,,,,4,,,,
,,Fichario Colegial Morango.,,,,,,,,,,,,,,186.00,,,,,,,,,,,,,,8,,,,
,,Refil p Fichario Colegial Moranguinho Vintage.,,,,,,,,,,,,,,35000,,,,,,,,,,,,,,5,,,,
,,Cad Colegial 10M CD Moranguinho,,,,,,,,,,,,,,75.00,,,,,,,,,,,,,,8,,,,
,,Caderno Brochura Moranguinho 160f Folhas decoradas ANIMATIVA.,,,,,,,,,,,,,,88.80,,,,,,,,,,,,,,4,,,,
,,Cad Brochura Alice 160f Folhas decoradas ANIMATIVA.,,,,,,,,,,,,,,98.00,,,,,,,,,,,,,,2,,,,
,,Refil p Fichario Colegial Alice.,,,,,,,,,,,,,,35.00,,,,,,,,,,,,,,5,,,,
,,Caderno de Colorir 16F Dino.,,,,,,,,,,,,,,18.00,,,,,,,,,,,,,,10,,,,
,,Caderno de Colorir 8F Moranguinho,,,,,,,,,,,,,,21.00,,,,,,,,,,,,,,20,,,,
